<?xml version="1.0" encoding="UTF-8"?>
<export version="E">
  <design>
    <source>/Users/lukas/Documents/Studium/02 Vorlesungen/Semester 06/BA/Umsetzung/hardware/circuit_board/sound_laser.kicad_sch</source>
    <date>2022 March 18, Friday 12:20:05</date>
    <tool>Eeschema (6.0.0-0)</tool>
    <sheet number="1" name="/" tstamps="/">
      <title_block>
        <title>Sound Laser</title>
        <company/>
        <rev/>
        <date/>
        <source>sound_laser.kicad_sch</source>
        <comment number="1" value=""/>
        <comment number="2" value=""/>
        <comment number="3" value=""/>
        <comment number="4" value=""/>
        <comment number="5" value=""/>
        <comment number="6" value=""/>
        <comment number="7" value=""/>
        <comment number="8" value=""/>
        <comment number="9" value=""/>
      </title_block>
    </sheet>
  </design>
  <components>
    <comp ref="C1">
      <value>22uF</value>
      <footprint>Capacitor_SMD:C_1206_3216Metric</footprint>
      <libsource lib="Device" part="C" description="Unpolarized capacitor"/>
      <property name="Sheetname" value=""/>
      <property name="Sheetfile" value="sound_laser.kicad_sch"/>
      <sheetpath names="/" tstamps="/"/>
      <tstamps>de384e4c-069b-4b07-a4c3-77b810d8d24d</tstamps>
    </comp>
    <comp ref="C2">
      <value>10uF</value>
      <footprint>Capacitor_SMD:C_1206_3216Metric_Pad1.33x1.80mm_HandSolder</footprint>
      <libsource lib="Device" part="C" description="Unpolarized capacitor"/>
      <property name="Sheetname" value=""/>
      <property name="Sheetfile" value="sound_laser.kicad_sch"/>
      <sheetpath names="/" tstamps="/"/>
      <tstamps>f1fac5e6-8c6b-4696-966e-9fa30d9ab192</tstamps>
    </comp>
    <comp ref="C3">
      <value>10uF</value>
      <footprint>Capacitor_SMD:C_1206_3216Metric</footprint>
      <libsource lib="Device" part="C" description="Unpolarized capacitor"/>
      <property name="Sheetname" value=""/>
      <property name="Sheetfile" value="sound_laser.kicad_sch"/>
      <sheetpath names="/" tstamps="/"/>
      <tstamps>892dde4e-ed28-44fe-b351-6562be659b5d</tstamps>
    </comp>
    <comp ref="C4">
      <value>100nF</value>
      <footprint>Capacitor_SMD:C_0805_2012Metric</footprint>
      <libsource lib="Device" part="C" description="Unpolarized capacitor"/>
      <property name="Sheetname" value=""/>
      <property name="Sheetfile" value="sound_laser.kicad_sch"/>
      <sheetpath names="/" tstamps="/"/>
      <tstamps>00c022b6-5651-4944-967b-0fe8d06eb7e0</tstamps>
    </comp>
    <comp ref="C5">
      <value>10uF</value>
      <footprint>Capacitor_SMD:C_1206_3216Metric</footprint>
      <libsource lib="Device" part="C" description="Unpolarized capacitor"/>
      <property name="Sheetname" value=""/>
      <property name="Sheetfile" value="sound_laser.kicad_sch"/>
      <sheetpath names="/" tstamps="/"/>
      <tstamps>67b93b54-4215-4be3-aa9b-ec4dec95b519</tstamps>
    </comp>
    <comp ref="C6">
      <value>100nF</value>
      <footprint>Capacitor_SMD:C_0805_2012Metric</footprint>
      <libsource lib="Device" part="C" description="Unpolarized capacitor"/>
      <property name="Sheetname" value=""/>
      <property name="Sheetfile" value="sound_laser.kicad_sch"/>
      <sheetpath names="/" tstamps="/"/>
      <tstamps>66a6a114-870b-4829-bbd9-2b3a6f161136</tstamps>
    </comp>
    <comp ref="C7">
      <value>330pF</value>
      <footprint>Capacitor_SMD:C_0805_2012Metric</footprint>
      <libsource lib="Device" part="C" description="Unpolarized capacitor"/>
      <property name="Sheetname" value=""/>
      <property name="Sheetfile" value="sound_laser.kicad_sch"/>
      <sheetpath names="/" tstamps="/"/>
      <tstamps>35b3c76c-d1c5-4978-98c7-02a054680b1a</tstamps>
    </comp>
    <comp ref="D1">
      <value>SSB44</value>
      <footprint>Diode_SMD:D_SMB_Handsoldering</footprint>
      <libsource lib="Device" part="D_Schottky" description="Schottky diode"/>
      <property name="Sheetname" value=""/>
      <property name="Sheetfile" value="sound_laser.kicad_sch"/>
      <sheetpath names="/" tstamps="/"/>
      <tstamps>a74f520e-d515-496a-8c76-32baafd85cbf</tstamps>
    </comp>
    <comp ref="J1">
      <value>Conn_01x02</value>
      <footprint>Connector_JST:JST_SH_BM02B-SRSS-TB_1x02-1MP_P1.00mm_Vertical</footprint>
      <libsource lib="Connector_Generic" part="Conn_01x02" description="Generic connector, single row, 01x02, script generated (kicad-library-utils/schlib/autogen/connector/)"/>
      <property name="Sheetname" value=""/>
      <property name="Sheetfile" value="sound_laser.kicad_sch"/>
      <sheetpath names="/" tstamps="/"/>
      <tstamps>b893555e-743d-4cf9-bd5a-f020e2718f96</tstamps>
    </comp>
    <comp ref="J2">
      <value>Conn_01x02</value>
      <footprint>Connector_JST:JST_SH_BM02B-SRSS-TB_1x02-1MP_P1.00mm_Vertical</footprint>
      <libsource lib="Connector_Generic" part="Conn_01x02" description="Generic connector, single row, 01x02, script generated (kicad-library-utils/schlib/autogen/connector/)"/>
      <property name="Sheetname" value=""/>
      <property name="Sheetfile" value="sound_laser.kicad_sch"/>
      <sheetpath names="/" tstamps="/"/>
      <tstamps>41f187f0-c6dd-43c8-8895-eac8ebc41199</tstamps>
    </comp>
    <comp ref="J3">
      <value>Conn_01x02</value>
      <footprint>Connector_JST:JST_SH_BM02B-SRSS-TB_1x02-1MP_P1.00mm_Vertical</footprint>
      <libsource lib="Connector_Generic" part="Conn_01x02" description="Generic connector, single row, 01x02, script generated (kicad-library-utils/schlib/autogen/connector/)"/>
      <property name="Sheetname" value=""/>
      <property name="Sheetfile" value="sound_laser.kicad_sch"/>
      <sheetpath names="/" tstamps="/"/>
      <tstamps>1b3a272c-48df-47fd-b37c-cee5898d6c9a</tstamps>
    </comp>
    <comp ref="J4">
      <value>Conn_01x02</value>
      <footprint>Connector_JST:JST_SH_BM02B-SRSS-TB_1x02-1MP_P1.00mm_Vertical</footprint>
      <libsource lib="Connector_Generic" part="Conn_01x02" description="Generic connector, single row, 01x02, script generated (kicad-library-utils/schlib/autogen/connector/)"/>
      <property name="Sheetname" value=""/>
      <property name="Sheetfile" value="sound_laser.kicad_sch"/>
      <sheetpath names="/" tstamps="/"/>
      <tstamps>f454f6b8-6542-4029-aa53-85ac46fe0b4b</tstamps>
    </comp>
    <comp ref="J5">
      <value>Conn_01x02</value>
      <footprint>Connector_JST:JST_SH_BM02B-SRSS-TB_1x02-1MP_P1.00mm_Vertical</footprint>
      <libsource lib="Connector_Generic" part="Conn_01x02" description="Generic connector, single row, 01x02, script generated (kicad-library-utils/schlib/autogen/connector/)"/>
      <property name="Sheetname" value=""/>
      <property name="Sheetfile" value="sound_laser.kicad_sch"/>
      <sheetpath names="/" tstamps="/"/>
      <tstamps>9b7695b7-9db0-4c8e-9077-f8b7d4d3a13e</tstamps>
    </comp>
    <comp ref="J6">
      <value>Conn_01x02</value>
      <footprint>Connector_JST:JST_SH_BM02B-SRSS-TB_1x02-1MP_P1.00mm_Vertical</footprint>
      <libsource lib="Connector_Generic" part="Conn_01x02" description="Generic connector, single row, 01x02, script generated (kicad-library-utils/schlib/autogen/connector/)"/>
      <property name="Sheetname" value=""/>
      <property name="Sheetfile" value="sound_laser.kicad_sch"/>
      <sheetpath names="/" tstamps="/"/>
      <tstamps>cb8e411a-1cc5-4c53-9eeb-4024c1c299a0</tstamps>
    </comp>
    <comp ref="J7">
      <value>Conn_01x02</value>
      <footprint>Connector_JST:JST_PH_B2B-PH-SM4-TB_1x02-1MP_P2.00mm_Vertical</footprint>
      <libsource lib="Connector_Generic" part="Conn_01x02" description="Generic connector, single row, 01x02, script generated (kicad-library-utils/schlib/autogen/connector/)"/>
      <property name="Sheetname" value=""/>
      <property name="Sheetfile" value="sound_laser.kicad_sch"/>
      <sheetpath names="/" tstamps="/"/>
      <tstamps>6746b76e-fcdf-48a8-9cd1-db639066bc4d</tstamps>
    </comp>
    <comp ref="JP1">
      <value>Jumper_2_Open</value>
      <footprint>Jumper:SolderJumper-2_P1.3mm_Bridged2Bar_Pad1.0x1.5mm</footprint>
      <libsource lib="Jumper" part="Jumper_2_Open" description="Jumper, 2-pole, open"/>
      <property name="Sheetname" value=""/>
      <property name="Sheetfile" value="sound_laser.kicad_sch"/>
      <sheetpath names="/" tstamps="/"/>
      <tstamps>cc6dfe6c-2682-437b-b21c-d3c16a16c093</tstamps>
    </comp>
    <comp ref="JP2">
      <value>Jumper_3_Open</value>
      <footprint>Jumper:SolderJumper-3_P1.3mm_Open_Pad1.0x1.5mm_NumberLabels</footprint>
      <libsource lib="Jumper" part="Jumper_3_Open" description="Jumper, 3-pole, both open"/>
      <property name="Sheetname" value=""/>
      <property name="Sheetfile" value="sound_laser.kicad_sch"/>
      <sheetpath names="/" tstamps="/"/>
      <tstamps>3112bf15-5079-4cfa-8de6-fa21b940deea</tstamps>
    </comp>
    <comp ref="JP3">
      <value>Jumper_3_Open</value>
      <footprint>Jumper:SolderJumper-3_P1.3mm_Open_Pad1.0x1.5mm_NumberLabels</footprint>
      <libsource lib="Jumper" part="Jumper_3_Open" description="Jumper, 3-pole, both open"/>
      <property name="Sheetname" value=""/>
      <property name="Sheetfile" value="sound_laser.kicad_sch"/>
      <sheetpath names="/" tstamps="/"/>
      <tstamps>5cf8bcf8-0ead-44a8-b421-a6850c7e8ab2</tstamps>
    </comp>
    <comp ref="L1">
      <value>15uF</value>
      <footprint>Inductor_SMD:L_1206_3216Metric</footprint>
      <libsource lib="Device" part="L" description="Inductor"/>
      <property name="Sheetname" value=""/>
      <property name="Sheetfile" value="sound_laser.kicad_sch"/>
      <sheetpath names="/" tstamps="/"/>
      <tstamps>63617299-53c0-4746-a323-36cfb5f5793c</tstamps>
    </comp>
    <comp ref="M1">
      <value>Ultrasonic_Transducer</value>
      <footprint>custom_footprints:CUSP-T80-15-2400-TH</footprint>
      <libsource lib="custom_symbols" part="Ultrasonic_Transducer" description=""/>
      <property name="Sheetname" value=""/>
      <property name="Sheetfile" value="sound_laser.kicad_sch"/>
      <sheetpath names="/" tstamps="/"/>
      <tstamps>1fa81250-35c4-4972-b98c-4081f53facc1</tstamps>
    </comp>
    <comp ref="M2">
      <value>Ultrasonic_Transducer</value>
      <footprint>custom_footprints:CUSP-T80-15-2400-TH</footprint>
      <libsource lib="custom_symbols" part="Ultrasonic_Transducer" description=""/>
      <property name="Sheetname" value=""/>
      <property name="Sheetfile" value="sound_laser.kicad_sch"/>
      <sheetpath names="/" tstamps="/"/>
      <tstamps>c9eca091-1eea-443e-97ed-24518ab35e5f</tstamps>
    </comp>
    <comp ref="M3">
      <value>Ultrasonic_Transducer</value>
      <footprint>custom_footprints:CUSP-T80-15-2400-TH</footprint>
      <libsource lib="custom_symbols" part="Ultrasonic_Transducer" description=""/>
      <property name="Sheetname" value=""/>
      <property name="Sheetfile" value="sound_laser.kicad_sch"/>
      <sheetpath names="/" tstamps="/"/>
      <tstamps>b9a7d334-64e3-47dd-92cf-53ae82e6bd02</tstamps>
    </comp>
    <comp ref="M4">
      <value>Ultrasonic_Transducer</value>
      <footprint>custom_footprints:CUSP-T80-15-2400-TH</footprint>
      <libsource lib="custom_symbols" part="Ultrasonic_Transducer" description=""/>
      <property name="Sheetname" value=""/>
      <property name="Sheetfile" value="sound_laser.kicad_sch"/>
      <sheetpath names="/" tstamps="/"/>
      <tstamps>009fbf35-8e22-409c-aeb9-1e78dc1bd3fd</tstamps>
    </comp>
    <comp ref="M5">
      <value>Ultrasonic_Transducer</value>
      <footprint>custom_footprints:CUSP-T80-15-2400-TH</footprint>
      <libsource lib="custom_symbols" part="Ultrasonic_Transducer" description=""/>
      <property name="Sheetname" value=""/>
      <property name="Sheetfile" value="sound_laser.kicad_sch"/>
      <sheetpath names="/" tstamps="/"/>
      <tstamps>6ec7bb59-88d3-430f-8ed9-7436e95cd927</tstamps>
    </comp>
    <comp ref="M6">
      <value>Ultrasonic_Transducer</value>
      <footprint>custom_footprints:CUSP-T80-15-2400-TH</footprint>
      <libsource lib="custom_symbols" part="Ultrasonic_Transducer" description=""/>
      <property name="Sheetname" value=""/>
      <property name="Sheetfile" value="sound_laser.kicad_sch"/>
      <sheetpath names="/" tstamps="/"/>
      <tstamps>7fe395c9-fe5c-44b4-a617-586836cdf68d</tstamps>
    </comp>
    <comp ref="M7">
      <value>Ultrasonic_Transducer</value>
      <footprint>custom_footprints:CUSP-T80-15-2400-TH</footprint>
      <libsource lib="custom_symbols" part="Ultrasonic_Transducer" description=""/>
      <property name="Sheetname" value=""/>
      <property name="Sheetfile" value="sound_laser.kicad_sch"/>
      <sheetpath names="/" tstamps="/"/>
      <tstamps>6d7d17cc-6845-4893-bf9a-bb7496b2a70b</tstamps>
    </comp>
    <comp ref="M8">
      <value>Ultrasonic_Transducer</value>
      <footprint>custom_footprints:CUSP-T80-15-2400-TH</footprint>
      <libsource lib="custom_symbols" part="Ultrasonic_Transducer" description=""/>
      <property name="Sheetname" value=""/>
      <property name="Sheetfile" value="sound_laser.kicad_sch"/>
      <sheetpath names="/" tstamps="/"/>
      <tstamps>32fcc0b2-ae82-4fc4-87f4-cfc255322a79</tstamps>
    </comp>
    <comp ref="M9">
      <value>Ultrasonic_Transducer</value>
      <footprint>custom_footprints:CUSP-T80-15-2400-TH</footprint>
      <libsource lib="custom_symbols" part="Ultrasonic_Transducer" description=""/>
      <property name="Sheetname" value=""/>
      <property name="Sheetfile" value="sound_laser.kicad_sch"/>
      <sheetpath names="/" tstamps="/"/>
      <tstamps>731518df-5af3-4074-9322-f63eb4d42490</tstamps>
    </comp>
    <comp ref="M10">
      <value>Ultrasonic_Transducer</value>
      <footprint>custom_footprints:CUSP-T80-15-2400-TH</footprint>
      <libsource lib="custom_symbols" part="Ultrasonic_Transducer" description=""/>
      <property name="Sheetname" value=""/>
      <property name="Sheetfile" value="sound_laser.kicad_sch"/>
      <sheetpath names="/" tstamps="/"/>
      <tstamps>aa7f2fda-9864-49fa-891b-d43356c63af8</tstamps>
    </comp>
    <comp ref="M11">
      <value>Ultrasonic_Transducer</value>
      <footprint>custom_footprints:CUSP-T80-15-2400-TH</footprint>
      <libsource lib="custom_symbols" part="Ultrasonic_Transducer" description=""/>
      <property name="Sheetname" value=""/>
      <property name="Sheetfile" value="sound_laser.kicad_sch"/>
      <sheetpath names="/" tstamps="/"/>
      <tstamps>d6fede60-fce9-4141-99b7-d82ff584a2fe</tstamps>
    </comp>
    <comp ref="M12">
      <value>Ultrasonic_Transducer</value>
      <footprint>custom_footprints:CUSP-T80-15-2400-TH</footprint>
      <libsource lib="custom_symbols" part="Ultrasonic_Transducer" description=""/>
      <property name="Sheetname" value=""/>
      <property name="Sheetfile" value="sound_laser.kicad_sch"/>
      <sheetpath names="/" tstamps="/"/>
      <tstamps>1799c71f-013d-402a-b710-c5585561a246</tstamps>
    </comp>
    <comp ref="M13">
      <value>Ultrasonic_Transducer</value>
      <footprint>custom_footprints:CUSP-T80-15-2400-TH</footprint>
      <libsource lib="custom_symbols" part="Ultrasonic_Transducer" description=""/>
      <property name="Sheetname" value=""/>
      <property name="Sheetfile" value="sound_laser.kicad_sch"/>
      <sheetpath names="/" tstamps="/"/>
      <tstamps>3ec05f34-4668-4a65-8482-05407cf77e44</tstamps>
    </comp>
    <comp ref="M14">
      <value>Ultrasonic_Transducer</value>
      <footprint>custom_footprints:CUSP-T80-15-2400-TH</footprint>
      <libsource lib="custom_symbols" part="Ultrasonic_Transducer" description=""/>
      <property name="Sheetname" value=""/>
      <property name="Sheetfile" value="sound_laser.kicad_sch"/>
      <sheetpath names="/" tstamps="/"/>
      <tstamps>70b9e5ec-29f0-4b00-8cbb-d6417609a139</tstamps>
    </comp>
    <comp ref="M15">
      <value>Ultrasonic_Transducer</value>
      <footprint>custom_footprints:CUSP-T80-15-2400-TH</footprint>
      <libsource lib="custom_symbols" part="Ultrasonic_Transducer" description=""/>
      <property name="Sheetname" value=""/>
      <property name="Sheetfile" value="sound_laser.kicad_sch"/>
      <sheetpath names="/" tstamps="/"/>
      <tstamps>403f0a62-59ba-43ce-9359-920a9c8b0d8c</tstamps>
    </comp>
    <comp ref="M16">
      <value>Ultrasonic_Transducer</value>
      <footprint>custom_footprints:CUSP-T80-15-2400-TH</footprint>
      <libsource lib="custom_symbols" part="Ultrasonic_Transducer" description=""/>
      <property name="Sheetname" value=""/>
      <property name="Sheetfile" value="sound_laser.kicad_sch"/>
      <sheetpath names="/" tstamps="/"/>
      <tstamps>64490a30-edd7-45dd-a930-aafedb206abf</tstamps>
    </comp>
    <comp ref="M17">
      <value>Ultrasonic_Transducer</value>
      <footprint>custom_footprints:CUSP-T80-15-2400-TH</footprint>
      <libsource lib="custom_symbols" part="Ultrasonic_Transducer" description=""/>
      <property name="Sheetname" value=""/>
      <property name="Sheetfile" value="sound_laser.kicad_sch"/>
      <sheetpath names="/" tstamps="/"/>
      <tstamps>430b9dda-34b1-4119-b6e0-6f0413bcf117</tstamps>
    </comp>
    <comp ref="M18">
      <value>Ultrasonic_Transducer</value>
      <footprint>custom_footprints:CUSP-T80-15-2400-TH</footprint>
      <libsource lib="custom_symbols" part="Ultrasonic_Transducer" description=""/>
      <property name="Sheetname" value=""/>
      <property name="Sheetfile" value="sound_laser.kicad_sch"/>
      <sheetpath names="/" tstamps="/"/>
      <tstamps>0407438c-8641-4fa9-936d-ab1472e14d9c</tstamps>
    </comp>
    <comp ref="M19">
      <value>Ultrasonic_Transducer</value>
      <footprint>custom_footprints:CUSP-T80-15-2400-TH</footprint>
      <libsource lib="custom_symbols" part="Ultrasonic_Transducer" description=""/>
      <property name="Sheetname" value=""/>
      <property name="Sheetfile" value="sound_laser.kicad_sch"/>
      <sheetpath names="/" tstamps="/"/>
      <tstamps>147280ac-192e-4d14-9feb-8fc04a2871be</tstamps>
    </comp>
    <comp ref="OP1">
      <value>ADA4622-1</value>
      <footprint>Package_TO_SOT_SMD:SOT-23-5_HandSoldering</footprint>
      <libsource lib="custom_symbols" part="ADA4622-1" description=""/>
      <property name="Sheetname" value=""/>
      <property name="Sheetfile" value="sound_laser.kicad_sch"/>
      <sheetpath names="/" tstamps="/"/>
      <tstamps>bf724a73-ae1d-4c58-a50e-18191201ed32</tstamps>
    </comp>
    <comp ref="R1">
      <value>91k</value>
      <footprint>Resistor_SMD:R_0805_2012Metric</footprint>
      <libsource lib="Device" part="R" description="Resistor"/>
      <property name="Sheetname" value=""/>
      <property name="Sheetfile" value="sound_laser.kicad_sch"/>
      <sheetpath names="/" tstamps="/"/>
      <tstamps>61a54c8a-9e28-4416-b95f-f6b26668dc82</tstamps>
    </comp>
    <comp ref="R2">
      <value>10k</value>
      <footprint>Resistor_SMD:R_0805_2012Metric</footprint>
      <libsource lib="Device" part="R" description="Resistor"/>
      <property name="Sheetname" value=""/>
      <property name="Sheetfile" value="sound_laser.kicad_sch"/>
      <sheetpath names="/" tstamps="/"/>
      <tstamps>b85e5a65-f482-4007-af41-df630a532e20</tstamps>
    </comp>
    <comp ref="R3">
      <value>10k</value>
      <footprint>Resistor_SMD:R_0805_2012Metric</footprint>
      <libsource lib="Device" part="R" description="Resistor"/>
      <property name="Sheetname" value=""/>
      <property name="Sheetfile" value="sound_laser.kicad_sch"/>
      <sheetpath names="/" tstamps="/"/>
      <tstamps>70315f3a-5e28-4a32-ad0c-2a2f749c19f3</tstamps>
    </comp>
    <comp ref="R4">
      <value>5k</value>
      <footprint>Resistor_SMD:R_0805_2012Metric</footprint>
      <libsource lib="Device" part="R" description="Resistor"/>
      <property name="Sheetname" value=""/>
      <property name="Sheetfile" value="sound_laser.kicad_sch"/>
      <sheetpath names="/" tstamps="/"/>
      <tstamps>1392ace3-2479-46d2-8430-41ba34a5a919</tstamps>
    </comp>
    <comp ref="R5">
      <value>R</value>
      <footprint>Resistor_SMD:R_0805_2012Metric</footprint>
      <libsource lib="Device" part="R" description="Resistor"/>
      <property name="Sheetname" value=""/>
      <property name="Sheetfile" value="sound_laser.kicad_sch"/>
      <sheetpath names="/" tstamps="/"/>
      <tstamps>74652855-8612-439a-8f2e-38d2da922f50</tstamps>
    </comp>
    <comp ref="R6">
      <value>R</value>
      <footprint>Resistor_SMD:R_0805_2012Metric</footprint>
      <libsource lib="Device" part="R" description="Resistor"/>
      <property name="Sheetname" value=""/>
      <property name="Sheetfile" value="sound_laser.kicad_sch"/>
      <sheetpath names="/" tstamps="/"/>
      <tstamps>3f231048-8615-40fd-9fc8-49df8a7de72f</tstamps>
    </comp>
    <comp ref="R7">
      <value>100k</value>
      <footprint>Resistor_SMD:R_0805_2012Metric</footprint>
      <libsource lib="Device" part="R" description="Resistor"/>
      <property name="Sheetname" value=""/>
      <property name="Sheetfile" value="sound_laser.kicad_sch"/>
      <sheetpath names="/" tstamps="/"/>
      <tstamps>d3ec3927-2308-464a-86ac-ddba9a8eef92</tstamps>
    </comp>
    <comp ref="TP1">
      <value>TestPoint</value>
      <footprint>TestPoint:TestPoint_Keystone_5000-5004_Miniature</footprint>
      <libsource lib="Connector" part="TestPoint" description="test point"/>
      <property name="Sheetname" value=""/>
      <property name="Sheetfile" value="sound_laser.kicad_sch"/>
      <sheetpath names="/" tstamps="/"/>
      <tstamps>b592fcd5-43e8-4acd-a773-ee19edbf8455</tstamps>
    </comp>
    <comp ref="TP2">
      <value>TestPoint</value>
      <footprint>TestPoint:TestPoint_Keystone_5000-5004_Miniature</footprint>
      <libsource lib="Connector" part="TestPoint" description="test point"/>
      <property name="Sheetname" value=""/>
      <property name="Sheetfile" value="sound_laser.kicad_sch"/>
      <sheetpath names="/" tstamps="/"/>
      <tstamps>b416d20f-b299-4a7b-928d-15f2595ccdf8</tstamps>
    </comp>
    <comp ref="TP3">
      <value>TestPoint</value>
      <footprint>TestPoint:TestPoint_Keystone_5000-5004_Miniature</footprint>
      <libsource lib="Connector" part="TestPoint" description="test point"/>
      <property name="Sheetname" value=""/>
      <property name="Sheetfile" value="sound_laser.kicad_sch"/>
      <sheetpath names="/" tstamps="/"/>
      <tstamps>73affde7-c8c6-487e-acfe-55e22e6401a4</tstamps>
    </comp>
    <comp ref="U1">
      <value>LTC2631-Z</value>
      <footprint>custom_footprints:LTC2631-Z</footprint>
      <libsource lib="custom_symbols" part="LTC2631-Z" description=""/>
      <property name="Sheetname" value=""/>
      <property name="Sheetfile" value="sound_laser.kicad_sch"/>
      <sheetpath names="/" tstamps="/"/>
      <tstamps>9b222da4-70a1-43e3-bfee-4b3715b4e51c</tstamps>
    </comp>
    <comp ref="U2">
      <value>LM2735XMF</value>
      <footprint>Package_TO_SOT_SMD:SOT-23-5</footprint>
      <datasheet>http://www.ti.com/lit/ds/symlink/lm2735.pdf</datasheet>
      <libsource lib="Regulator_Switching" part="LM2735XMF" description="LM27313, 2.1A, 24Vout Boost/FlybacK/SEPIC Voltage Regulator, 520kHz/1.6MHz Frequency,"/>
      <property name="Sheetname" value=""/>
      <property name="Sheetfile" value="sound_laser.kicad_sch"/>
      <sheetpath names="/" tstamps="/"/>
      <tstamps>d3b5f599-664c-4ef5-b7e3-d0f2e1da967d</tstamps>
    </comp>
  </components>
  <libparts>
    <libpart lib="Connector" part="TestPoint">
      <description>test point</description>
      <docs>~</docs>
      <footprints>
        <fp>Pin*</fp>
        <fp>Test*</fp>
      </footprints>
      <fields>
        <field name="Reference">TP</field>
        <field name="Value">TestPoint</field>
        <field name="Datasheet">~</field>
      </fields>
      <pins>
        <pin num="1" name="1" type="passive"/>
      </pins>
    </libpart>
    <libpart lib="Connector_Generic" part="Conn_01x02">
      <description>Generic connector, single row, 01x02, script generated (kicad-library-utils/schlib/autogen/connector/)</description>
      <docs>~</docs>
      <footprints>
        <fp>Connector*:*_1x??_*</fp>
      </footprints>
      <fields>
        <field name="Reference">J</field>
        <field name="Value">Conn_01x02</field>
        <field name="Datasheet">~</field>
      </fields>
      <pins>
        <pin num="1" name="Pin_1" type="passive"/>
        <pin num="2" name="Pin_2" type="passive"/>
      </pins>
    </libpart>
    <libpart lib="Device" part="C">
      <description>Unpolarized capacitor</description>
      <docs>~</docs>
      <footprints>
        <fp>C_*</fp>
      </footprints>
      <fields>
        <field name="Reference">C</field>
        <field name="Value">C</field>
        <field name="Datasheet">~</field>
      </fields>
      <pins>
        <pin num="1" name="" type="passive"/>
        <pin num="2" name="" type="passive"/>
      </pins>
    </libpart>
    <libpart lib="Device" part="D_Schottky">
      <description>Schottky diode</description>
      <docs>~</docs>
      <footprints>
        <fp>TO-???*</fp>
        <fp>*_Diode_*</fp>
        <fp>*SingleDiode*</fp>
        <fp>D_*</fp>
      </footprints>
      <fields>
        <field name="Reference">D</field>
        <field name="Value">D_Schottky</field>
        <field name="Datasheet">~</field>
      </fields>
      <pins>
        <pin num="1" name="K" type="passive"/>
        <pin num="2" name="A" type="passive"/>
      </pins>
    </libpart>
    <libpart lib="Device" part="L">
      <description>Inductor</description>
      <docs>~</docs>
      <footprints>
        <fp>Choke_*</fp>
        <fp>*Coil*</fp>
        <fp>Inductor_*</fp>
        <fp>L_*</fp>
      </footprints>
      <fields>
        <field name="Reference">L</field>
        <field name="Value">L</field>
        <field name="Datasheet">~</field>
      </fields>
      <pins>
        <pin num="1" name="1" type="passive"/>
        <pin num="2" name="2" type="passive"/>
      </pins>
    </libpart>
    <libpart lib="Device" part="R">
      <description>Resistor</description>
      <docs>~</docs>
      <footprints>
        <fp>R_*</fp>
      </footprints>
      <fields>
        <field name="Reference">R</field>
        <field name="Value">R</field>
        <field name="Datasheet">~</field>
      </fields>
      <pins>
        <pin num="1" name="" type="passive"/>
        <pin num="2" name="" type="passive"/>
      </pins>
    </libpart>
    <libpart lib="Jumper" part="Jumper_2_Open">
      <description>Jumper, 2-pole, open</description>
      <docs>~</docs>
      <footprints>
        <fp>Jumper*</fp>
        <fp>TestPoint*2Pads*</fp>
        <fp>TestPoint*Bridge*</fp>
      </footprints>
      <fields>
        <field name="Reference">JP</field>
        <field name="Value">Jumper_2_Open</field>
        <field name="Datasheet">~</field>
      </fields>
      <pins>
        <pin num="1" name="A" type="passive"/>
        <pin num="2" name="B" type="passive"/>
      </pins>
    </libpart>
    <libpart lib="Jumper" part="Jumper_3_Open">
      <description>Jumper, 3-pole, both open</description>
      <docs>~</docs>
      <footprints>
        <fp>Jumper*</fp>
        <fp>TestPoint*3Pads*</fp>
        <fp>TestPoint*Bridge*</fp>
      </footprints>
      <fields>
        <field name="Reference">JP</field>
        <field name="Value">Jumper_3_Open</field>
        <field name="Datasheet">~</field>
      </fields>
      <pins>
        <pin num="1" name="A" type="passive"/>
        <pin num="2" name="C" type="input"/>
        <pin num="3" name="B" type="passive"/>
      </pins>
    </libpart>
    <libpart lib="Regulator_Switching" part="LM2735XMF">
      <description>LM27313, 2.1A, 24Vout Boost/FlybacK/SEPIC Voltage Regulator, 520kHz/1.6MHz Frequency,</description>
      <docs>http://www.ti.com/lit/ds/symlink/lm2735.pdf</docs>
      <footprints>
        <fp>SOT?23*</fp>
      </footprints>
      <fields>
        <field name="Reference">U</field>
        <field name="Value">LM2735XMF</field>
        <field name="Footprint">Package_TO_SOT_SMD:SOT-23-5</field>
        <field name="Datasheet">http://www.ti.com/lit/ds/symlink/lm2735.pdf</field>
      </fields>
      <pins>
        <pin num="1" name="SW" type="output"/>
        <pin num="2" name="GND" type="power_in"/>
        <pin num="3" name="FB" type="input"/>
        <pin num="4" name="EN" type="input"/>
        <pin num="5" name="VIN" type="input"/>
      </pins>
    </libpart>
    <libpart lib="custom_symbols" part="ADA4622-1">
      <fields>
        <field name="Reference">OP</field>
        <field name="Value">ADA4622-1</field>
      </fields>
      <pins>
        <pin num="1" name="OUT" type="output"/>
        <pin num="2" name="V-" type="input"/>
        <pin num="3" name="+IN" type="input"/>
        <pin num="4" name="-IN" type="input"/>
        <pin num="5" name="V+" type="input"/>
      </pins>
    </libpart>
    <libpart lib="custom_symbols" part="LTC2631-Z">
      <fields>
        <field name="Reference">U</field>
        <field name="Value">LTC2631-Z</field>
      </fields>
      <pins>
        <pin num="1" name="CA0" type="input"/>
        <pin num="2" name="SCL" type="input"/>
        <pin num="3" name="SDA" type="input"/>
        <pin num="4" name="GND" type="passive"/>
        <pin num="5" name="VCC" type="power_in"/>
        <pin num="6" name="REF" type="input"/>
        <pin num="7" name="VOUT" type="output"/>
        <pin num="8" name="CA1" type="input"/>
      </pins>
    </libpart>
    <libpart lib="custom_symbols" part="Ultrasonic_Transducer">
      <fields>
        <field name="Reference">M</field>
        <field name="Value">Ultrasonic_Transducer</field>
      </fields>
      <pins>
        <pin num="1" name="" type="input"/>
        <pin num="2" name="" type="input"/>
      </pins>
    </libpart>
  </libparts>
  <libraries>
    <library logical="Connector">
      <uri>/Applications/KiCad/KiCad.app/Contents/SharedSupport/symbols//Connector.kicad_sym</uri>
    </library>
    <library logical="Connector_Generic">
      <uri>/Applications/KiCad/KiCad.app/Contents/SharedSupport/symbols//Connector_Generic.kicad_sym</uri>
    </library>
    <library logical="Device">
      <uri>/Applications/KiCad/KiCad.app/Contents/SharedSupport/symbols//Device.kicad_sym</uri>
    </library>
    <library logical="Jumper">
      <uri>/Applications/KiCad/KiCad.app/Contents/SharedSupport/symbols//Jumper.kicad_sym</uri>
    </library>
    <library logical="Regulator_Switching">
      <uri>/Applications/KiCad/KiCad.app/Contents/SharedSupport/symbols//Regulator_Switching.kicad_sym</uri>
    </library>
    <library logical="custom_symbols">
      <uri>/Users/lukas/Documents/Studium/02 Vorlesungen/Semester 06/BA/Umsetzung/hardware/circuit_board/custom_symbols.kicad_sym</uri>
    </library>
  </libraries>
  <nets>
    <net code="1" name="+5V">
      <node ref="C1" pin="1" pintype="passive"/>
      <node ref="C3" pin="1" pintype="passive"/>
      <node ref="C4" pin="1" pintype="passive"/>
      <node ref="J7" pin="2" pinfunction="Pin_2" pintype="passive"/>
      <node ref="JP2" pin="1" pinfunction="A" pintype="passive"/>
      <node ref="JP3" pin="1" pinfunction="A" pintype="passive"/>
      <node ref="L1" pin="1" pinfunction="1" pintype="passive"/>
      <node ref="R5" pin="1" pintype="passive"/>
      <node ref="R6" pin="1" pintype="passive"/>
      <node ref="R7" pin="1" pintype="passive"/>
      <node ref="U1" pin="5" pinfunction="VCC" pintype="power_in"/>
      <node ref="U2" pin="5" pinfunction="VIN" pintype="input"/>
    </net>
    <net code="2" name="+24V">
      <node ref="C5" pin="1" pintype="passive"/>
      <node ref="C6" pin="1" pintype="passive"/>
      <node ref="JP1" pin="2" pinfunction="B" pintype="passive"/>
      <node ref="OP1" pin="5" pinfunction="V+" pintype="input"/>
    </net>
    <net code="3" name="/Audio Sig">
      <node ref="OP1" pin="3" pinfunction="+IN" pintype="input"/>
      <node ref="TP3" pin="1" pinfunction="1" pintype="passive"/>
      <node ref="U1" pin="7" pinfunction="VOUT" pintype="output"/>
    </net>
    <net code="4" name="/SCL">
      <node ref="J1" pin="2" pinfunction="Pin_2" pintype="passive"/>
      <node ref="J2" pin="2" pinfunction="Pin_2" pintype="passive"/>
      <node ref="J3" pin="2" pinfunction="Pin_2" pintype="passive"/>
      <node ref="J4" pin="2" pinfunction="Pin_2" pintype="passive"/>
      <node ref="J5" pin="2" pinfunction="Pin_2" pintype="passive"/>
      <node ref="J6" pin="2" pinfunction="Pin_2" pintype="passive"/>
      <node ref="R5" pin="2" pintype="passive"/>
      <node ref="U1" pin="2" pinfunction="SCL" pintype="input"/>
    </net>
    <net code="5" name="/SDA">
      <node ref="J1" pin="1" pinfunction="Pin_1" pintype="passive"/>
      <node ref="J2" pin="1" pinfunction="Pin_1" pintype="passive"/>
      <node ref="J3" pin="1" pinfunction="Pin_1" pintype="passive"/>
      <node ref="J4" pin="1" pinfunction="Pin_1" pintype="passive"/>
      <node ref="J5" pin="1" pinfunction="Pin_1" pintype="passive"/>
      <node ref="J6" pin="1" pinfunction="Pin_1" pintype="passive"/>
      <node ref="R6" pin="2" pintype="passive"/>
      <node ref="U1" pin="3" pinfunction="SDA" pintype="input"/>
    </net>
    <net code="6" name="/Trancducer Sig">
      <node ref="M1" pin="1" pintype="input"/>
      <node ref="M10" pin="1" pintype="input"/>
      <node ref="M11" pin="1" pintype="input"/>
      <node ref="M12" pin="1" pintype="input"/>
      <node ref="M13" pin="1" pintype="input"/>
      <node ref="M14" pin="1" pintype="input"/>
      <node ref="M15" pin="1" pintype="input"/>
      <node ref="M16" pin="1" pintype="input"/>
      <node ref="M17" pin="1" pintype="input"/>
      <node ref="M18" pin="1" pintype="input"/>
      <node ref="M19" pin="1" pintype="input"/>
      <node ref="M2" pin="1" pintype="input"/>
      <node ref="M3" pin="1" pintype="input"/>
      <node ref="M4" pin="1" pintype="input"/>
      <node ref="M5" pin="1" pintype="input"/>
      <node ref="M6" pin="1" pintype="input"/>
      <node ref="M7" pin="1" pintype="input"/>
      <node ref="M8" pin="1" pintype="input"/>
      <node ref="M9" pin="1" pintype="input"/>
      <node ref="OP1" pin="1" pinfunction="OUT" pintype="output"/>
      <node ref="R3" pin="1" pintype="passive"/>
      <node ref="TP2" pin="1" pinfunction="1" pintype="passive"/>
    </net>
    <net code="7" name="GND">
      <node ref="C1" pin="2" pintype="passive"/>
      <node ref="C2" pin="2" pintype="passive"/>
      <node ref="C3" pin="2" pintype="passive"/>
      <node ref="C4" pin="2" pintype="passive"/>
      <node ref="C5" pin="2" pintype="passive"/>
      <node ref="C6" pin="2" pintype="passive"/>
      <node ref="J7" pin="1" pinfunction="Pin_1" pintype="passive"/>
      <node ref="JP2" pin="3" pinfunction="B" pintype="passive"/>
      <node ref="JP3" pin="3" pinfunction="B" pintype="passive"/>
      <node ref="M1" pin="2" pintype="input"/>
      <node ref="M10" pin="2" pintype="input"/>
      <node ref="M11" pin="2" pintype="input"/>
      <node ref="M12" pin="2" pintype="input"/>
      <node ref="M13" pin="2" pintype="input"/>
      <node ref="M14" pin="2" pintype="input"/>
      <node ref="M15" pin="2" pintype="input"/>
      <node ref="M16" pin="2" pintype="input"/>
      <node ref="M17" pin="2" pintype="input"/>
      <node ref="M18" pin="2" pintype="input"/>
      <node ref="M19" pin="2" pintype="input"/>
      <node ref="M2" pin="2" pintype="input"/>
      <node ref="M3" pin="2" pintype="input"/>
      <node ref="M4" pin="2" pintype="input"/>
      <node ref="M5" pin="2" pintype="input"/>
      <node ref="M6" pin="2" pintype="input"/>
      <node ref="M7" pin="2" pintype="input"/>
      <node ref="M8" pin="2" pintype="input"/>
      <node ref="M9" pin="2" pintype="input"/>
      <node ref="OP1" pin="2" pinfunction="V-" pintype="input"/>
      <node ref="R2" pin="2" pintype="passive"/>
      <node ref="R4" pin="2" pintype="passive"/>
      <node ref="U1" pin="4" pinfunction="GND" pintype="passive"/>
      <node ref="U2" pin="2" pinfunction="GND" pintype="power_in"/>
    </net>
    <net code="8" name="Net-(C2-Pad1)">
      <node ref="C2" pin="1" pintype="passive"/>
      <node ref="C7" pin="1" pintype="passive"/>
      <node ref="D1" pin="1" pinfunction="K" pintype="passive"/>
      <node ref="JP1" pin="1" pinfunction="A" pintype="passive"/>
      <node ref="R1" pin="1" pintype="passive"/>
      <node ref="TP1" pin="1" pinfunction="1" pintype="passive"/>
    </net>
    <net code="9" name="Net-(D1-Pad2)">
      <node ref="D1" pin="2" pinfunction="A" pintype="passive"/>
      <node ref="L1" pin="2" pinfunction="2" pintype="passive"/>
      <node ref="U2" pin="1" pinfunction="SW" pintype="output"/>
    </net>
    <net code="10" name="Net-(JP2-Pad2)">
      <node ref="JP2" pin="2" pinfunction="C" pintype="input"/>
      <node ref="U1" pin="8" pinfunction="CA1" pintype="input"/>
    </net>
    <net code="11" name="Net-(JP3-Pad2)">
      <node ref="JP3" pin="2" pinfunction="C" pintype="input"/>
      <node ref="U1" pin="1" pinfunction="CA0" pintype="input"/>
    </net>
    <net code="12" name="Net-(OP1-Pad4)">
      <node ref="OP1" pin="4" pinfunction="-IN" pintype="input"/>
      <node ref="R3" pin="2" pintype="passive"/>
      <node ref="R4" pin="1" pintype="passive"/>
    </net>
    <net code="13" name="Net-(R1-Pad2)">
      <node ref="C7" pin="2" pintype="passive"/>
      <node ref="R1" pin="2" pintype="passive"/>
      <node ref="R2" pin="1" pintype="passive"/>
      <node ref="U2" pin="3" pinfunction="FB" pintype="input"/>
    </net>
    <net code="14" name="Net-(U2-Pad4)">
      <node ref="R7" pin="2" pintype="passive"/>
      <node ref="U2" pin="4" pinfunction="EN" pintype="input"/>
    </net>
    <net code="15" name="unconnected-(U1-Pad6)">
      <node ref="U1" pin="6" pinfunction="REF" pintype="input"/>
    </net>
  </nets>
</export>
